SI.NO,name,Prices,Description,Reviews
4,"APPLE iPhone 14 Plus (Starlight, 128 GB)","??78,999","128 GB ROM17.02 cm (6.7 inch) Super Retina XDR Display12MP + 12MP | 12MP Front CameraA15 Bionic Chip, 6 Core Processor Processor1 Year Warranty for Phone and 6 Months Warranty for In-Box Accessories",4.6
8,"APPLE iPhone 14 Plus (Midnight, 128 GB)","??78,999","128 GB ROM17.02 cm (6.7 inch) Super Retina XDR Display12MP + 12MP | 12MP Front CameraA15 Bionic Chip, 6 Core Processor Processor1 Year Warranty for Phone and 6 Months Warranty for In-Box Accessories",4.6
10,"APPLE iPhone 14 Plus (Blue, 128 GB)","??78,999","128 GB ROM17.02 cm (6.7 inch) Super Retina XDR Display12MP + 12MP | 12MP Front CameraA15 Bionic Chip, 6 Core Processor Processor1 Year Warranty for Phone and 6 Months Warranty for In-Box Accessories",4.6
17,"APPLE iPhone 14 Plus (Purple, 128 GB)","??78,999","128 GB ROM17.02 cm (6.7 inch) Super Retina XDR Display12MP + 12MP | 12MP Front CameraA15 Bionic Chip, 6 Core Processor Processor1 Year Warranty for Phone and 6 Months Warranty for In-Box Accessories",4.6
21,"APPLE iPhone 14 Plus ((PRODUCT)RED, 128 GB)","??78,999","128 GB ROM17.02 cm (6.7 inch) Super Retina XDR Display12MP + 12MP | 12MP Front CameraA15 Bionic Chip, 6 Core Processor Processor1 Year Warranty for Phone and 6 Months Warranty for In-Box Accessories",4.6
22,"APPLE iPhone 14 (Purple, 256 GB)","??78,999","256 GB ROM15.49 cm (6.1 inch) Super Retina XDR Display12MP + 12MP | 12MP Front CameraA15 Bionic Chip, 6 Core Processor Processor1 Year Warranty for Phone and 6 Months Warranty for In-Box Accessories",4.6
28,"APPLE iPhone 14 Plus (Starlight, 128 GB)","??78,999","128 GB ROM17.02 cm (6.7 inch) Super Retina XDR Display12MP + 12MP | 12MP Front CameraA15 Bionic Chip, 6 Core Processor Processor1 Year Warranty for Phone and 6 Months Warranty for In-Box Accessories",4.6
32,"APPLE iPhone 14 Plus (Midnight, 128 GB)","??78,999","128 GB ROM17.02 cm (6.7 inch) Super Retina XDR Display12MP + 12MP | 12MP Front CameraA15 Bionic Chip, 6 Core Processor Processor1 Year Warranty for Phone and 6 Months Warranty for In-Box Accessories",4.6
34,"APPLE iPhone 14 Plus (Blue, 128 GB)","??78,999","128 GB ROM17.02 cm (6.7 inch) Super Retina XDR Display12MP + 12MP | 12MP Front CameraA15 Bionic Chip, 6 Core Processor Processor1 Year Warranty for Phone and 6 Months Warranty for In-Box Accessories",4.6
41,"APPLE iPhone 14 Plus (Purple, 128 GB)","??78,999","128 GB ROM17.02 cm (6.7 inch) Super Retina XDR Display12MP + 12MP | 12MP Front CameraA15 Bionic Chip, 6 Core Processor Processor1 Year Warranty for Phone and 6 Months Warranty for In-Box Accessories",4.6
45,"APPLE iPhone 14 Plus ((PRODUCT)RED, 128 GB)","??78,999","128 GB ROM17.02 cm (6.7 inch) Super Retina XDR Display12MP + 12MP | 12MP Front CameraA15 Bionic Chip, 6 Core Processor Processor1 Year Warranty for Phone and 6 Months Warranty for In-Box Accessories",4.6
46,"APPLE iPhone 14 (Purple, 256 GB)","??78,999","256 GB ROM15.49 cm (6.1 inch) Super Retina XDR Display12MP + 12MP | 12MP Front CameraA15 Bionic Chip, 6 Core Processor Processor1 Year Warranty for Phone and 6 Months Warranty for In-Box Accessories",4.6
50,"APPLE iPhone 14 Plus (Starlight, 128 GB)","??78,999","128 GB ROM17.02 cm (6.7 inch) Super Retina XDR Display12MP + 12MP | 12MP Front CameraA15 Bionic Chip, 6 Core Processor Processor1 Year Warranty for Phone and 6 Months Warranty for In-Box Accessories",4.6
55,"APPLE iPhone 14 Plus (Midnight, 128 GB)","??78,999","128 GB ROM17.02 cm (6.7 inch) Super Retina XDR Display12MP + 12MP | 12MP Front CameraA15 Bionic Chip, 6 Core Processor Processor1 Year Warranty for Phone and 6 Months Warranty for In-Box Accessories",4.6
58,"APPLE iPhone 14 Plus (Blue, 128 GB)","??78,999","128 GB ROM17.02 cm (6.7 inch) Super Retina XDR Display12MP + 12MP | 12MP Front CameraA15 Bionic Chip, 6 Core Processor Processor1 Year Warranty for Phone and 6 Months Warranty for In-Box Accessories",4.6
62,"APPLE iPhone 14 Plus (Purple, 128 GB)","??78,999","128 GB ROM17.02 cm (6.7 inch) Super Retina XDR Display12MP + 12MP | 12MP Front CameraA15 Bionic Chip, 6 Core Processor Processor1 Year Warranty for Phone and 6 Months Warranty for In-Box Accessories",4.6
66,"APPLE iPhone 14 Plus ((PRODUCT)RED, 128 GB)","??78,999","128 GB ROM17.02 cm (6.7 inch) Super Retina XDR Display12MP + 12MP | 12MP Front CameraA15 Bionic Chip, 6 Core Processor Processor1 Year Warranty for Phone and 6 Months Warranty for In-Box Accessories",4.6
74,"APPLE iPhone 14 Plus (Starlight, 128 GB)","??78,999","128 GB ROM17.02 cm (6.7 inch) Super Retina XDR Display12MP + 12MP | 12MP Front CameraA15 Bionic Chip, 6 Core Processor Processor1 Year Warranty for Phone and 6 Months Warranty for In-Box Accessories",4.6
79,"APPLE iPhone 14 Plus (Midnight, 128 GB)","??78,999","128 GB ROM17.02 cm (6.7 inch) Super Retina XDR Display12MP + 12MP | 12MP Front CameraA15 Bionic Chip, 6 Core Processor Processor1 Year Warranty for Phone and 6 Months Warranty for In-Box Accessories",4.6
82,"APPLE iPhone 14 Plus (Blue, 128 GB)","??78,999","128 GB ROM17.02 cm (6.7 inch) Super Retina XDR Display12MP + 12MP | 12MP Front CameraA15 Bionic Chip, 6 Core Processor Processor1 Year Warranty for Phone and 6 Months Warranty for In-Box Accessories",4.6
86,"APPLE iPhone 14 Plus (Purple, 128 GB)","??78,999","128 GB ROM17.02 cm (6.7 inch) Super Retina XDR Display12MP + 12MP | 12MP Front CameraA15 Bionic Chip, 6 Core Processor Processor1 Year Warranty for Phone and 6 Months Warranty for In-Box Accessories",4.6
90,"APPLE iPhone 14 Plus ((PRODUCT)RED, 128 GB)","??78,999","128 GB ROM17.02 cm (6.7 inch) Super Retina XDR Display12MP + 12MP | 12MP Front CameraA15 Bionic Chip, 6 Core Processor Processor1 Year Warranty for Phone and 6 Months Warranty for In-Box Accessories",4.6
100,"APPLE iPhone 14 Plus (Starlight, 128 GB)","??78,999","128 GB ROM17.02 cm (6.7 inch) Super Retina XDR Display12MP + 12MP | 12MP Front CameraA15 Bionic Chip, 6 Core Processor Processor1 Year Warranty for Phone and 6 Months Warranty for In-Box Accessories",4.6
104,"APPLE iPhone 14 Plus (Midnight, 128 GB)","??78,999","128 GB ROM17.02 cm (6.7 inch) Super Retina XDR Display12MP + 12MP | 12MP Front CameraA15 Bionic Chip, 6 Core Processor Processor1 Year Warranty for Phone and 6 Months Warranty for In-Box Accessories",4.6
106,"APPLE iPhone 14 Plus (Blue, 128 GB)","??78,999","128 GB ROM17.02 cm (6.7 inch) Super Retina XDR Display12MP + 12MP | 12MP Front CameraA15 Bionic Chip, 6 Core Processor Processor1 Year Warranty for Phone and 6 Months Warranty for In-Box Accessories",4.6
113,"APPLE iPhone 14 Plus (Purple, 128 GB)","??78,999","128 GB ROM17.02 cm (6.7 inch) Super Retina XDR Display12MP + 12MP | 12MP Front CameraA15 Bionic Chip, 6 Core Processor Processor1 Year Warranty for Phone and 6 Months Warranty for In-Box Accessories",4.6
117,"APPLE iPhone 14 Plus ((PRODUCT)RED, 128 GB)","??78,999","128 GB ROM17.02 cm (6.7 inch) Super Retina XDR Display12MP + 12MP | 12MP Front CameraA15 Bionic Chip, 6 Core Processor Processor1 Year Warranty for Phone and 6 Months Warranty for In-Box Accessories",4.6
118,"APPLE iPhone 14 (Purple, 256 GB)","??78,999","256 GB ROM15.49 cm (6.1 inch) Super Retina XDR Display12MP + 12MP | 12MP Front CameraA15 Bionic Chip, 6 Core Processor Processor1 Year Warranty for Phone and 6 Months Warranty for In-Box Accessories",4.6
0,"APPLE iPhone 14 (Midnight, 128 GB)","??68,999","128 GB ROM15.49 cm (6.1 inch) Super Retina XDR Display12MP + 12MP | 12MP Front CameraA15 Bionic Chip, 6 Core Processor Processor1 Year Warranty for Phone and 6 Months Warranty for In-Box Accessories",4.6
1,"APPLE iPhone 14 (Purple, 128 GB)","??68,999","128 GB ROM15.49 cm (6.1 inch) Super Retina XDR Display12MP + 12MP | 12MP Front CameraA15 Bionic Chip, 6 Core Processor Processor1 Year Warranty for Phone and 6 Months Warranty for In-Box Accessories",4.6
7,"APPLE iPhone 14 (Starlight, 128 GB)","??68,999","128 GB ROM15.49 cm (6.1 inch) Super Retina XDR Display12MP + 12MP | 12MP Front CameraA15 Bionic Chip, 6 Core Processor Processor1 Year Warranty for Phone and 6 Months Warranty for In-Box Accessories",4.6
11,"APPLE iPhone 14 (Blue, 128 GB)","??68,999","128 GB ROM15.49 cm (6.1 inch) Super Retina XDR Display12MP + 12MP | 12MP Front CameraA15 Bionic Chip, 6 Core Processor Processor1 Year Warranty for Phone and 6 Months Warranty for In-Box Accessories",4.6
24,"APPLE iPhone 14 (Midnight, 128 GB)","??68,999","128 GB ROM15.49 cm (6.1 inch) Super Retina XDR Display12MP + 12MP | 12MP Front CameraA15 Bionic Chip, 6 Core Processor Processor1 Year Warranty for Phone and 6 Months Warranty for In-Box Accessories",4.6
25,"APPLE iPhone 14 (Purple, 128 GB)","??68,999","128 GB ROM15.49 cm (6.1 inch) Super Retina XDR Display12MP + 12MP | 12MP Front CameraA15 Bionic Chip, 6 Core Processor Processor1 Year Warranty for Phone and 6 Months Warranty for In-Box Accessories",4.6
31,"APPLE iPhone 14 (Starlight, 128 GB)","??68,999","128 GB ROM15.49 cm (6.1 inch) Super Retina XDR Display12MP + 12MP | 12MP Front CameraA15 Bionic Chip, 6 Core Processor Processor1 Year Warranty for Phone and 6 Months Warranty for In-Box Accessories",4.6
35,"APPLE iPhone 14 (Blue, 128 GB)","??68,999","128 GB ROM15.49 cm (6.1 inch) Super Retina XDR Display12MP + 12MP | 12MP Front CameraA15 Bionic Chip, 6 Core Processor Processor1 Year Warranty for Phone and 6 Months Warranty for In-Box Accessories",4.6
51,"APPLE iPhone 14 (Purple, 128 GB)","??68,999","128 GB ROM15.49 cm (6.1 inch) Super Retina XDR Display12MP + 12MP | 12MP Front CameraA15 Bionic Chip, 6 Core Processor Processor1 Year Warranty for Phone and 6 Months Warranty for In-Box Accessories",4.6
53,"APPLE iPhone 14 (Midnight, 128 GB)","??68,999","128 GB ROM15.49 cm (6.1 inch) Super Retina XDR Display12MP + 12MP | 12MP Front CameraA15 Bionic Chip, 6 Core Processor Processor1 Year Warranty for Phone and 6 Months Warranty for In-Box Accessories",4.6
56,"APPLE iPhone 14 (Starlight, 128 GB)","??68,999","128 GB ROM15.49 cm (6.1 inch) Super Retina XDR Display12MP + 12MP | 12MP Front CameraA15 Bionic Chip, 6 Core Processor Processor1 Year Warranty for Phone and 6 Months Warranty for In-Box Accessories",4.6
60,"APPLE iPhone 14 (Blue, 128 GB)","??68,999","128 GB ROM15.49 cm (6.1 inch) Super Retina XDR Display12MP + 12MP | 12MP Front CameraA15 Bionic Chip, 6 Core Processor Processor1 Year Warranty for Phone and 6 Months Warranty for In-Box Accessories",4.6
75,"APPLE iPhone 14 (Purple, 128 GB)","??68,999","128 GB ROM15.49 cm (6.1 inch) Super Retina XDR Display12MP + 12MP | 12MP Front CameraA15 Bionic Chip, 6 Core Processor Processor1 Year Warranty for Phone and 6 Months Warranty for In-Box Accessories",4.6
77,"APPLE iPhone 14 (Midnight, 128 GB)","??68,999","128 GB ROM15.49 cm (6.1 inch) Super Retina XDR Display12MP + 12MP | 12MP Front CameraA15 Bionic Chip, 6 Core Processor Processor1 Year Warranty for Phone and 6 Months Warranty for In-Box Accessories",4.6
80,"APPLE iPhone 14 (Starlight, 128 GB)","??68,999","128 GB ROM15.49 cm (6.1 inch) Super Retina XDR Display12MP + 12MP | 12MP Front CameraA15 Bionic Chip, 6 Core Processor Processor1 Year Warranty for Phone and 6 Months Warranty for In-Box Accessories",4.6
84,"APPLE iPhone 14 (Blue, 128 GB)","??68,999","128 GB ROM15.49 cm (6.1 inch) Super Retina XDR Display12MP + 12MP | 12MP Front CameraA15 Bionic Chip, 6 Core Processor Processor1 Year Warranty for Phone and 6 Months Warranty for In-Box Accessories",4.6
96,"APPLE iPhone 14 (Midnight, 128 GB)","??68,999","128 GB ROM15.49 cm (6.1 inch) Super Retina XDR Display12MP + 12MP | 12MP Front CameraA15 Bionic Chip, 6 Core Processor Processor1 Year Warranty for Phone and 6 Months Warranty for In-Box Accessories",4.6
97,"APPLE iPhone 14 (Purple, 128 GB)","??68,999","128 GB ROM15.49 cm (6.1 inch) Super Retina XDR Display12MP + 12MP | 12MP Front CameraA15 Bionic Chip, 6 Core Processor Processor1 Year Warranty for Phone and 6 Months Warranty for In-Box Accessories",4.6
103,"APPLE iPhone 14 (Starlight, 128 GB)","??68,999","128 GB ROM15.49 cm (6.1 inch) Super Retina XDR Display12MP + 12MP | 12MP Front CameraA15 Bionic Chip, 6 Core Processor Processor1 Year Warranty for Phone and 6 Months Warranty for In-Box Accessories",4.6
107,"APPLE iPhone 14 (Blue, 128 GB)","??68,999","128 GB ROM15.49 cm (6.1 inch) Super Retina XDR Display12MP + 12MP | 12MP Front CameraA15 Bionic Chip, 6 Core Processor Processor1 Year Warranty for Phone and 6 Months Warranty for In-Box Accessories",4.6
19,"APPLE iPhone 14 ((PRODUCT)RED, 128 GB)","??67,999","128 GB ROM15.49 cm (6.1 inch) Super Retina XDR Display12MP + 12MP | 12MP Front CameraA15 Bionic Chip, 6 Core Processor Processor1 Year Warranty for Phone and 6 Months Warranty for In-Box Accessories",4.6
43,"APPLE iPhone 14 ((PRODUCT)RED, 128 GB)","??67,999","128 GB ROM15.49 cm (6.1 inch) Super Retina XDR Display12MP + 12MP | 12MP Front CameraA15 Bionic Chip, 6 Core Processor Processor1 Year Warranty for Phone and 6 Months Warranty for In-Box Accessories",4.6
68,"APPLE iPhone 14 ((PRODUCT)RED, 128 GB)","??67,999","128 GB ROM15.49 cm (6.1 inch) Super Retina XDR Display12MP + 12MP | 12MP Front CameraA15 Bionic Chip, 6 Core Processor Processor1 Year Warranty for Phone and 6 Months Warranty for In-Box Accessories",4.6
92,"APPLE iPhone 14 ((PRODUCT)RED, 128 GB)","??67,999","128 GB ROM15.49 cm (6.1 inch) Super Retina XDR Display12MP + 12MP | 12MP Front CameraA15 Bionic Chip, 6 Core Processor Processor1 Year Warranty for Phone and 6 Months Warranty for In-Box Accessories",4.6
115,"APPLE iPhone 14 ((PRODUCT)RED, 128 GB)","??67,999","128 GB ROM15.49 cm (6.1 inch) Super Retina XDR Display12MP + 12MP | 12MP Front CameraA15 Bionic Chip, 6 Core Processor Processor1 Year Warranty for Phone and 6 Months Warranty for In-Box Accessories",4.6
2,"APPLE iPhone 13 (Starlight, 128 GB)","??60,999",128 GB ROM15.49 cm (6.1 inch) Super Retina XDR Display12MP + 12MP | 12MP Front CameraA15 Bionic Chip ProcessorBrand Warranty for 1 Year,4.7
3,"APPLE iPhone 13 (Midnight, 128 GB)","??60,999",128 GB ROM15.49 cm (6.1 inch) Super Retina XDR Display12MP + 12MP | 12MP Front CameraA15 Bionic Chip ProcessorBrand Warranty for 1 Year,4.7
5,"APPLE iPhone 13 (Green, 128 GB)","??60,999",128 GB ROM15.49 cm (6.1 inch) Super Retina XDR Display12MP + 12MP | 12MP Front CameraA15 Bionic Chip ProcessorBrand Warranty for 1 Year,4.7
6,"APPLE iPhone 13 (Pink, 128 GB)","??60,999",128 GB ROM15.49 cm (6.1 inch) Super Retina XDR Display12MP + 12MP | 12MP Front CameraA15 Bionic Chip ProcessorBrand Warranty for 1 Year,4.7
9,"APPLE iPhone 13 (Blue, 128 GB)","??60,999",128 GB ROM15.49 cm (6.1 inch) Super Retina XDR Display12MP + 12MP | 12MP Front CameraA15 Bionic Chip ProcessorBrand Warranty for 1 Year,4.7
18,"APPLE iPhone 13 ((PRODUCT)RED, 128 GB)","??60,999",128 GB ROM15.49 cm (6.1 inch) Super Retina XDR Display12MP + 12MP | 12MP Front CameraA15 Bionic Chip ProcessorBrand Warranty for 1 Year,4.7
26,"APPLE iPhone 13 (Starlight, 128 GB)","??60,999",128 GB ROM15.49 cm (6.1 inch) Super Retina XDR Display12MP + 12MP | 12MP Front CameraA15 Bionic Chip ProcessorBrand Warranty for 1 Year,4.7
27,"APPLE iPhone 13 (Midnight, 128 GB)","??60,999",128 GB ROM15.49 cm (6.1 inch) Super Retina XDR Display12MP + 12MP | 12MP Front CameraA15 Bionic Chip ProcessorBrand Warranty for 1 Year,4.7
29,"APPLE iPhone 13 (Green, 128 GB)","??60,999",128 GB ROM15.49 cm (6.1 inch) Super Retina XDR Display12MP + 12MP | 12MP Front CameraA15 Bionic Chip ProcessorBrand Warranty for 1 Year,4.7
30,"APPLE iPhone 13 (Pink, 128 GB)","??60,999",128 GB ROM15.49 cm (6.1 inch) Super Retina XDR Display12MP + 12MP | 12MP Front CameraA15 Bionic Chip ProcessorBrand Warranty for 1 Year,4.7
33,"APPLE iPhone 13 (Blue, 128 GB)","??60,999",128 GB ROM15.49 cm (6.1 inch) Super Retina XDR Display12MP + 12MP | 12MP Front CameraA15 Bionic Chip ProcessorBrand Warranty for 1 Year,4.7
42,"APPLE iPhone 13 ((PRODUCT)RED, 128 GB)","??60,999",128 GB ROM15.49 cm (6.1 inch) Super Retina XDR Display12MP + 12MP | 12MP Front CameraA15 Bionic Chip ProcessorBrand Warranty for 1 Year,4.7
48,"APPLE iPhone 13 (Starlight, 128 GB)","??60,999",128 GB ROM15.49 cm (6.1 inch) Super Retina XDR Display12MP + 12MP | 12MP Front CameraA15 Bionic Chip ProcessorBrand Warranty for 1 Year,4.7
49,"APPLE iPhone 13 (Midnight, 128 GB)","??60,999",128 GB ROM15.49 cm (6.1 inch) Super Retina XDR Display12MP + 12MP | 12MP Front CameraA15 Bionic Chip ProcessorBrand Warranty for 1 Year,4.7
52,"APPLE iPhone 13 (Green, 128 GB)","??60,999",128 GB ROM15.49 cm (6.1 inch) Super Retina XDR Display12MP + 12MP | 12MP Front CameraA15 Bionic Chip ProcessorBrand Warranty for 1 Year,4.7
54,"APPLE iPhone 13 (Pink, 128 GB)","??60,999",128 GB ROM15.49 cm (6.1 inch) Super Retina XDR Display12MP + 12MP | 12MP Front CameraA15 Bionic Chip ProcessorBrand Warranty for 1 Year,4.7
57,"APPLE iPhone 13 (Blue, 128 GB)","??60,999",128 GB ROM15.49 cm (6.1 inch) Super Retina XDR Display12MP + 12MP | 12MP Front CameraA15 Bionic Chip ProcessorBrand Warranty for 1 Year,4.7
67,"APPLE iPhone 13 ((PRODUCT)RED, 128 GB)","??60,999",128 GB ROM15.49 cm (6.1 inch) Super Retina XDR Display12MP + 12MP | 12MP Front CameraA15 Bionic Chip ProcessorBrand Warranty for 1 Year,4.7
72,"APPLE iPhone 13 (Starlight, 128 GB)","??60,999",128 GB ROM15.49 cm (6.1 inch) Super Retina XDR Display12MP + 12MP | 12MP Front CameraA15 Bionic Chip ProcessorBrand Warranty for 1 Year,4.7
73,"APPLE iPhone 13 (Midnight, 128 GB)","??60,999",128 GB ROM15.49 cm (6.1 inch) Super Retina XDR Display12MP + 12MP | 12MP Front CameraA15 Bionic Chip ProcessorBrand Warranty for 1 Year,4.7
76,"APPLE iPhone 13 (Green, 128 GB)","??60,999",128 GB ROM15.49 cm (6.1 inch) Super Retina XDR Display12MP + 12MP | 12MP Front CameraA15 Bionic Chip ProcessorBrand Warranty for 1 Year,4.7
78,"APPLE iPhone 13 (Pink, 128 GB)","??60,999",128 GB ROM15.49 cm (6.1 inch) Super Retina XDR Display12MP + 12MP | 12MP Front CameraA15 Bionic Chip ProcessorBrand Warranty for 1 Year,4.7
81,"APPLE iPhone 13 (Blue, 128 GB)","??60,999",128 GB ROM15.49 cm (6.1 inch) Super Retina XDR Display12MP + 12MP | 12MP Front CameraA15 Bionic Chip ProcessorBrand Warranty for 1 Year,4.7
91,"APPLE iPhone 13 ((PRODUCT)RED, 128 GB)","??60,999",128 GB ROM15.49 cm (6.1 inch) Super Retina XDR Display12MP + 12MP | 12MP Front CameraA15 Bionic Chip ProcessorBrand Warranty for 1 Year,4.7
98,"APPLE iPhone 13 (Starlight, 128 GB)","??60,999",128 GB ROM15.49 cm (6.1 inch) Super Retina XDR Display12MP + 12MP | 12MP Front CameraA15 Bionic Chip ProcessorBrand Warranty for 1 Year,4.7
99,"APPLE iPhone 13 (Midnight, 128 GB)","??60,999",128 GB ROM15.49 cm (6.1 inch) Super Retina XDR Display12MP + 12MP | 12MP Front CameraA15 Bionic Chip ProcessorBrand Warranty for 1 Year,4.7
101,"APPLE iPhone 13 (Green, 128 GB)","??60,999",128 GB ROM15.49 cm (6.1 inch) Super Retina XDR Display12MP + 12MP | 12MP Front CameraA15 Bionic Chip ProcessorBrand Warranty for 1 Year,4.7
102,"APPLE iPhone 13 (Pink, 128 GB)","??60,999",128 GB ROM15.49 cm (6.1 inch) Super Retina XDR Display12MP + 12MP | 12MP Front CameraA15 Bionic Chip ProcessorBrand Warranty for 1 Year,4.7
105,"APPLE iPhone 13 (Blue, 128 GB)","??60,999",128 GB ROM15.49 cm (6.1 inch) Super Retina XDR Display12MP + 12MP | 12MP Front CameraA15 Bionic Chip ProcessorBrand Warranty for 1 Year,4.7
114,"APPLE iPhone 13 ((PRODUCT)RED, 128 GB)","??60,999",128 GB ROM15.49 cm (6.1 inch) Super Retina XDR Display12MP + 12MP | 12MP Front CameraA15 Bionic Chip ProcessorBrand Warranty for 1 Year,4.7
12,"APPLE iPhone 12 (White, 128 GB)","??58,999","128 GB ROM15.49 cm (6.1 inch) Super Retina XDR Display12MP + 12MP | 12MP Front CameraA14 Bionic Chip with Next Generation Neural Engine ProcessorCeramic ShieldIndustry-leading IP68 Water ResistanceAll Screen OLED Display12MP TrueDepth Front Camera with Night Mode, 4K Dolby Vision HDR RecordingBrand Warranty for 1 Year",4.6
16,"APPLE iPhone 12 (Green, 128 GB)","??58,999","128 GB ROM15.49 cm (6.1 inch) Super Retina XDR Display12MP + 12MP | 12MP Front CameraA14 Bionic Chip with Next Generation Neural Engine ProcessorCeramic ShieldIndustry-leading IP68 Water ResistanceAll Screen OLED Display12MP TrueDepth Front Camera with Night Mode, 4K Dolby Vision HDR RecordingBrand Warranty for 1 Year",4.6
23,"APPLE iPhone 12 (Black, 128 GB)","??58,999","128 GB ROM15.49 cm (6.1 inch) Super Retina XDR Display12MP + 12MP | 12MP Front CameraA14 Bionic Chip with Next Generation Neural Engine ProcessorCeramic ShieldIndustry-leading IP68 Water ResistanceAll Screen OLED Display12MP TrueDepth Front Camera with Night Mode, 4K Dolby Vision HDR RecordingBrand Warranty for 1 Year",4.6
36,"APPLE iPhone 12 (White, 128 GB)","??58,999","128 GB ROM15.49 cm (6.1 inch) Super Retina XDR Display12MP + 12MP | 12MP Front CameraA14 Bionic Chip with Next Generation Neural Engine ProcessorCeramic ShieldIndustry-leading IP68 Water ResistanceAll Screen OLED Display12MP TrueDepth Front Camera with Night Mode, 4K Dolby Vision HDR RecordingBrand Warranty for 1 Year",4.6
40,"APPLE iPhone 12 (Green, 128 GB)","??58,999","128 GB ROM15.49 cm (6.1 inch) Super Retina XDR Display12MP + 12MP | 12MP Front CameraA14 Bionic Chip with Next Generation Neural Engine ProcessorCeramic ShieldIndustry-leading IP68 Water ResistanceAll Screen OLED Display12MP TrueDepth Front Camera with Night Mode, 4K Dolby Vision HDR RecordingBrand Warranty for 1 Year",4.6
47,"APPLE iPhone 12 (Black, 128 GB)","??58,999","128 GB ROM15.49 cm (6.1 inch) Super Retina XDR Display12MP + 12MP | 12MP Front CameraA14 Bionic Chip with Next Generation Neural Engine ProcessorCeramic ShieldIndustry-leading IP68 Water ResistanceAll Screen OLED Display12MP TrueDepth Front Camera with Night Mode, 4K Dolby Vision HDR RecordingBrand Warranty for 1 Year",4.6
59,"APPLE iPhone 12 (White, 128 GB)","??58,999","128 GB ROM15.49 cm (6.1 inch) Super Retina XDR Display12MP + 12MP | 12MP Front CameraA14 Bionic Chip with Next Generation Neural Engine ProcessorCeramic ShieldIndustry-leading IP68 Water ResistanceAll Screen OLED Display12MP TrueDepth Front Camera with Night Mode, 4K Dolby Vision HDR RecordingBrand Warranty for 1 Year",4.6
65,"APPLE iPhone 12 (Green, 128 GB)","??58,999","128 GB ROM15.49 cm (6.1 inch) Super Retina XDR Display12MP + 12MP | 12MP Front CameraA14 Bionic Chip with Next Generation Neural Engine ProcessorCeramic ShieldIndustry-leading IP68 Water ResistanceAll Screen OLED Display12MP TrueDepth Front Camera with Night Mode, 4K Dolby Vision HDR RecordingBrand Warranty for 1 Year",4.6
69,"APPLE iPhone 12 (Black, 128 GB)","??58,999","128 GB ROM15.49 cm (6.1 inch) Super Retina XDR Display12MP + 12MP | 12MP Front CameraA14 Bionic Chip with Next Generation Neural Engine ProcessorCeramic ShieldIndustry-leading IP68 Water ResistanceAll Screen OLED Display12MP TrueDepth Front Camera with Night Mode, 4K Dolby Vision HDR RecordingBrand Warranty for 1 Year",4.6
83,"APPLE iPhone 12 (White, 128 GB)","??58,999","128 GB ROM15.49 cm (6.1 inch) Super Retina XDR Display12MP + 12MP | 12MP Front CameraA14 Bionic Chip with Next Generation Neural Engine ProcessorCeramic ShieldIndustry-leading IP68 Water ResistanceAll Screen OLED Display12MP TrueDepth Front Camera with Night Mode, 4K Dolby Vision HDR RecordingBrand Warranty for 1 Year",4.6
89,"APPLE iPhone 12 (Green, 128 GB)","??58,999","128 GB ROM15.49 cm (6.1 inch) Super Retina XDR Display12MP + 12MP | 12MP Front CameraA14 Bionic Chip with Next Generation Neural Engine ProcessorCeramic ShieldIndustry-leading IP68 Water ResistanceAll Screen OLED Display12MP TrueDepth Front Camera with Night Mode, 4K Dolby Vision HDR RecordingBrand Warranty for 1 Year",4.6
93,"APPLE iPhone 12 (Black, 128 GB)","??58,999","128 GB ROM15.49 cm (6.1 inch) Super Retina XDR Display12MP + 12MP | 12MP Front CameraA14 Bionic Chip with Next Generation Neural Engine ProcessorCeramic ShieldIndustry-leading IP68 Water ResistanceAll Screen OLED Display12MP TrueDepth Front Camera with Night Mode, 4K Dolby Vision HDR RecordingBrand Warranty for 1 Year",4.6
108,"APPLE iPhone 12 (White, 128 GB)","??58,999","128 GB ROM15.49 cm (6.1 inch) Super Retina XDR Display12MP + 12MP | 12MP Front CameraA14 Bionic Chip with Next Generation Neural Engine ProcessorCeramic ShieldIndustry-leading IP68 Water ResistanceAll Screen OLED Display12MP TrueDepth Front Camera with Night Mode, 4K Dolby Vision HDR RecordingBrand Warranty for 1 Year",4.6
112,"APPLE iPhone 12 (Green, 128 GB)","??58,999","128 GB ROM15.49 cm (6.1 inch) Super Retina XDR Display12MP + 12MP | 12MP Front CameraA14 Bionic Chip with Next Generation Neural Engine ProcessorCeramic ShieldIndustry-leading IP68 Water ResistanceAll Screen OLED Display12MP TrueDepth Front Camera with Night Mode, 4K Dolby Vision HDR RecordingBrand Warranty for 1 Year",4.6
119,"APPLE iPhone 12 (Black, 128 GB)","??58,999","128 GB ROM15.49 cm (6.1 inch) Super Retina XDR Display12MP + 12MP | 12MP Front CameraA14 Bionic Chip with Next Generation Neural Engine ProcessorCeramic ShieldIndustry-leading IP68 Water ResistanceAll Screen OLED Display12MP TrueDepth Front Camera with Night Mode, 4K Dolby Vision HDR RecordingBrand Warranty for 1 Year",4.6
13,"APPLE iPhone 11 (White, 128 GB)","??44,999",128 GB ROM15.49 cm (6.1 inch) Liquid Retina HD Display12MP + 12MP | 12MP Front CameraA13 Bionic Chip ProcessorBrand Warranty of 1 Year,4.6
14,"APPLE iPhone 11 (Black, 128 GB)","??44,999",128 GB ROM15.49 cm (6.1 inch) Liquid Retina HD Display12MP + 12MP | 12MP Front CameraA13 Bionic Chip ProcessorBrand Warranty of 1 Year,4.6
37,"APPLE iPhone 11 (White, 128 GB)","??44,999",128 GB ROM15.49 cm (6.1 inch) Liquid Retina HD Display12MP + 12MP | 12MP Front CameraA13 Bionic Chip ProcessorBrand Warranty of 1 Year,4.6
38,"APPLE iPhone 11 (Black, 128 GB)","??44,999",128 GB ROM15.49 cm (6.1 inch) Liquid Retina HD Display12MP + 12MP | 12MP Front CameraA13 Bionic Chip ProcessorBrand Warranty of 1 Year,4.6
63,"APPLE iPhone 11 (White, 128 GB)","??44,999",128 GB ROM15.49 cm (6.1 inch) Liquid Retina HD Display12MP + 12MP | 12MP Front CameraA13 Bionic Chip ProcessorBrand Warranty of 1 Year,4.6
64,"APPLE iPhone 11 (Black, 128 GB)","??44,999",128 GB ROM15.49 cm (6.1 inch) Liquid Retina HD Display12MP + 12MP | 12MP Front CameraA13 Bionic Chip ProcessorBrand Warranty of 1 Year,4.6
87,"APPLE iPhone 11 (White, 128 GB)","??44,999",128 GB ROM15.49 cm (6.1 inch) Liquid Retina HD Display12MP + 12MP | 12MP Front CameraA13 Bionic Chip ProcessorBrand Warranty of 1 Year,4.6
88,"APPLE iPhone 11 (Black, 128 GB)","??44,999",128 GB ROM15.49 cm (6.1 inch) Liquid Retina HD Display12MP + 12MP | 12MP Front CameraA13 Bionic Chip ProcessorBrand Warranty of 1 Year,4.6
109,"APPLE iPhone 11 (White, 128 GB)","??44,999",128 GB ROM15.49 cm (6.1 inch) Liquid Retina HD Display12MP + 12MP | 12MP Front CameraA13 Bionic Chip ProcessorBrand Warranty of 1 Year,4.6
110,"APPLE iPhone 11 (Black, 128 GB)","??44,999",128 GB ROM15.49 cm (6.1 inch) Liquid Retina HD Display12MP + 12MP | 12MP Front CameraA13 Bionic Chip ProcessorBrand Warranty of 1 Year,4.6
15,"APPLE iPhone 11 (White, 64 GB)","??41,999",64 GB ROM15.49 cm (6.1 inch) Liquid Retina HD Display12MP + 12MP | 12MP Front CameraA13 Bionic Chip ProcessorBrand Warranty of 1 Year,4.6
20,"APPLE iPhone 11 (Black, 64 GB)","??41,999",64 GB ROM15.49 cm (6.1 inch) Liquid Retina HD Display12MP + 12MP | 12MP Front CameraA13 Bionic Chip ProcessorBrand Warranty of 1 Year,4.6
39,"APPLE iPhone 11 (White, 64 GB)","??41,999",64 GB ROM15.49 cm (6.1 inch) Liquid Retina HD Display12MP + 12MP | 12MP Front CameraA13 Bionic Chip ProcessorBrand Warranty of 1 Year,4.6
44,"APPLE iPhone 11 (Black, 64 GB)","??41,999",64 GB ROM15.49 cm (6.1 inch) Liquid Retina HD Display12MP + 12MP | 12MP Front CameraA13 Bionic Chip ProcessorBrand Warranty of 1 Year,4.6
61,"APPLE iPhone 11 (White, 64 GB)","??41,999",64 GB ROM15.49 cm (6.1 inch) Liquid Retina HD Display12MP + 12MP | 12MP Front CameraA13 Bionic Chip ProcessorBrand Warranty of 1 Year,4.6
70,"APPLE iPhone 11 (Black, 64 GB)","??41,999",64 GB ROM15.49 cm (6.1 inch) Liquid Retina HD Display12MP + 12MP | 12MP Front CameraA13 Bionic Chip ProcessorBrand Warranty of 1 Year,4.6
85,"APPLE iPhone 11 (White, 64 GB)","??41,999",64 GB ROM15.49 cm (6.1 inch) Liquid Retina HD Display12MP + 12MP | 12MP Front CameraA13 Bionic Chip ProcessorBrand Warranty of 1 Year,4.6
94,"APPLE iPhone 11 (Black, 64 GB)","??41,999",64 GB ROM15.49 cm (6.1 inch) Liquid Retina HD Display12MP + 12MP | 12MP Front CameraA13 Bionic Chip ProcessorBrand Warranty of 1 Year,4.6
111,"APPLE iPhone 11 (White, 64 GB)","??41,999",64 GB ROM15.49 cm (6.1 inch) Liquid Retina HD Display12MP + 12MP | 12MP Front CameraA13 Bionic Chip ProcessorBrand Warranty of 1 Year,4.6
116,"APPLE iPhone 11 (Black, 64 GB)","??41,999",64 GB ROM15.49 cm (6.1 inch) Liquid Retina HD Display12MP + 12MP | 12MP Front CameraA13 Bionic Chip ProcessorBrand Warranty of 1 Year,4.6
71,"APPLE iPhone 14 Pro Max (Deep Purple, 128 GB)","??1,27,999","128 GB ROM17.02 cm (6.7 inch) Super Retina XDR Display48MP + 12MP + 12MP | 12MP Front CameraA16 Bionic Chip, 6 Core Processor Processor1 Year Warranty for Phone and 6 Months Warranty for In-Box Accessories",4.6
95,"APPLE iPhone 14 Pro Max (Deep Purple, 128 GB)","??1,27,999","128 GB ROM17.02 cm (6.7 inch) Super Retina XDR Display48MP + 12MP + 12MP | 12MP Front CameraA16 Bionic Chip, 6 Core Processor Processor1 Year Warranty for Phone and 6 Months Warranty for In-Box Accessories",4.6
